{
  "length": {
    "m": 1,
    "cm": 0.01,
    "mm": 0.001,
    "km": 1000,
    "inch": 0.0254,
    "ft": 0.3048,
    "mile": 1609.34
  },
  "mass": {
    "kg": 1,
    "g": 0.001,
    "lb": 0.453592,
    "ton": 1000
  },
  "volume": {
    "l": 1,
    "ml": 0.001,
    "m3": 1000,
    "cup": 0.24,
    "gallon": 3.785
  },
  "area": {
    "m2": 1,
    "cm2": 0.0001,
    "km2": 1000000,
    "ft2": 0.092903
  },
  "time": {
    "s": 1,
    "min": 60,
    "h": 3600,
    "day": 86400
  }
}
